kicid,numax,numaxerr,dnu,dnuerr,epsilon,teff,tefferr
9367639,3.240,0.200,0.618,0.026,0.786,4059,142
6153390,3.357,0.417,0.607,0.027,0.583,3921,137
3339055,3.366,0.337,0.651,0.030,0.504,3925,80
9230478,3.673,0.233,0.635,0.048,0.881,4151,129
9594437,3.720,0.244,0.658,0.032,0.616,4202,124
6207642,3.728,0.263,0.665,0.021,0.734,4078,142
8054042,4.098,0.185,0.742,0.037,0.621,4053,141
4349743,4.153,0.277,0.732,0.046,0.634,3930,137
3634981,4.357,0.211,0.756,0.032,0.747,4166,123
1866235,4.381,0.216,0.812,0.039,0.677,4077,142
2011870,4.389,0.300,0.755,0.044,0.726,4023,80
5371676,4.389,0.272,0.708,0.011,0.817,4089,100
9521501,4.397,0.206,0.776,0.047,0.707,3928,137
8041612,4.405,0.308,0.754,0.063,0.708,4066,80
6342380,4.424,0.282,0.789,0.011,0.766,4209,147
7109084,4.448,0.212,0.793,0.025,0.512,3985,80
8543727,4.475,0.224,0.827,0.034,0.564,4149,100
7285602,4.523,0.303,0.730,0.041,0.652,4228,125
3103320,4.531,0.314,0.786,0.028,0.611,4039,80
10212921,4.586,0.232,0.796,0.065,0.628,4217,147
5990694,4.704,0.203,0.850,0.060,0.575,4172,146
5192452,4.798,0.300,0.850,0.037,0.810,4135,144
5113061,4.806,0.485,0.840,0.031,0.544,4161,100
6358570,4.830,0.307,0.842,0.049,0.607,4301,100
7983752,4.979,0.271,0.843,0.042,0.555,4211,126
4934347,5.011,0.286,0.846,0.028,0.554,4072,114
4060341,5.025,0.292,0.875,0.048,0.573,4250,148
9573389,5.045,0.654,0.812,0.135,0.839,4088,80
9957331,5.066,0.243,0.764,0.039,0.707,4367,152
10590779,5.066,0.226,0.801,0.038,0.756,4070,81
10164508,5.152,0.288,0.813,0.068,0.737,4137,144
6231440,5.223,0.317,0.909,0.043,0.756,4264,149
6708053,5.357,0.297,0.815,0.054,0.785,4003,140
10548114,5.357,0.258,0.873,0.041,0.579,4062,142
6761256,5.451,0.258,0.864,0.058,0.652,4231,80
3859198,5.509,0.226,0.947,0.060,0.750,4103,80
3936736,5.514,0.301,0.895,0.047,0.620,4035,80
7045660,5.604,0.301,0.844,0.033,0.759,4147,145
1576043,5.625,0.258,0.927,0.040,0.654,4133,80
7345435,5.664,0.223,0.845,0.040,0.730,4150,83
4060347,5.678,0.338,0.849,0.076,0.775,3838,130
5435689,5.680,0.320,0.923,0.057,0.760,4145,128
5630244,5.743,0.271,0.878,0.023,0.929,4203,147
7694280,5.754,0.318,0.875,0.053,1.037,4292,150
11766491,5.766,0.388,0.860,0.048,0.812,3880,80
5456612,5.782,0.229,0.945,0.043,0.774,4182,100
3441157,5.790,0.324,0.918,0.038,0.834,3920,80
11517707,5.877,0.242,0.943,0.026,0.916,4281,149
8976283,5.900,0.216,0.962,0.050,0.644,4381,80
8121799,5.930,0.385,0.918,0.031,0.701,4224,147
9100325,6.113,0.298,0.969,0.040,0.651,4239,100
6230950,6.126,0.286,0.968,0.043,0.714,4196,146
5725087,6.128,0.222,1.030,0.035,0.542,4448,155
8546146,6.136,0.311,0.979,0.044,0.624,4055,80
10093888,6.166,0.285,1.045,0.055,0.684,4223,147
9903290,6.199,0.244,0.941,0.044,0.653,4285,100
6025983,6.203,0.262,1.045,0.079,0.788,4188,146
8689478,6.239,0.279,1.006,0.052,0.660,4399,153
10089758,6.317,0.175,1.026,0.036,0.728,4298,100
3836105,6.420,0.248,0.979,0.034,0.723,4218,80
11623314,6.451,0.281,1.042,0.062,0.715,4258,80
4380775,6.451,0.245,1.084,0.066,0.746,4199,80
4478473,6.506,0.345,1.029,0.062,0.770,4219,147
2991043,6.530,0.320,1.046,0.025,0.783,4359,152
9595645,6.546,0.355,0.931,0.034,0.711,4294,150
7040855,6.577,0.201,1.141,0.030,0.504,4351,152
7834623,6.593,0.238,1.065,0.032,0.659,4340,151
5272829,6.679,0.291,1.060,0.043,0.677,4085,80
6676993,6.711,0.294,0.990,0.036,0.712,4080,81
9344639,6.719,0.278,1.116,0.030,0.503,4316,100
6632774,6.774,0.266,1.020,0.062,0.899,4222,147
1027110,6.829,0.217,1.145,0.020,0.692,4190,80
3233863,6.837,0.460,1.047,0.054,0.564,4358,152
5547747,6.853,0.213,1.056,0.037,0.679,4141,144
5819258,6.931,0.254,1.023,0.050,0.772,4304,150
7221001,7.089,0.348,0.970,0.036,0.799,4030,80
10328921,7.105,0.301,1.222,0.063,0.516,4248,80
9430843,7.142,0.279,1.099,0.023,0.851,4160,145
8816353,7.144,0.273,1.209,0.065,0.600,4332,151
2010137,7.152,0.361,1.074,0.049,0.789,4114,80
2846051,7.199,0.223,1.104,0.024,0.586,4310,80
12007085,7.246,0.322,1.145,0.047,0.576,4213,125
9763564,7.253,0.550,1.378,0.109,0.635,4377,80
4661768,7.262,0.278,1.053,0.067,0.867,4144,80
10139791,7.270,0.301,1.105,0.034,0.731,4296,150
7552325,7.356,0.305,1.051,0.038,0.617,4128,144
5458219,7.364,0.291,1.250,0.077,0.730,4303,80
9509251,7.364,0.215,1.203,0.046,0.666,4251,148
9363969,7.372,0.228,1.119,0.030,0.859,4365,80
5688727,7.419,0.206,1.119,0.030,1.010,4200,124
8387412,7.451,0.332,1.081,0.027,0.855,4181,80
11775000,7.466,0.281,1.114,0.027,0.797,4293,150
9349037,7.506,0.281,1.228,0.041,0.552,4352,152
10068014,7.535,0.335,1.235,0.068,0.853,4161,145
3121983,7.538,0.260,1.271,0.029,0.589,3970,80
2713304,7.603,0.304,1.158,0.053,0.749,3989,50
4039831,7.624,0.255,1.117,0.041,0.732,4226,100
4078174,7.640,0.269,1.183,0.049,0.633,4228,148
9786779,7.652,0.287,1.218,0.062,0.605,4385,137
10295060,7.671,0.373,1.194,0.054,0.805,4258,100
8231947,7.679,0.317,1.157,0.063,0.723,4258,80
11018454,7.687,0.250,1.130,0.047,1.088,4322,151
4571962,7.726,0.380,1.128,0.052,0.779,4358,100
10992390,7.780,0.310,1.201,0.066,0.669,4218,100
8984255,7.803,0.379,1.126,0.050,0.796,4153,145
9666718,7.852,0.256,1.238,0.026,0.765,4338,100
4371562,7.860,0.264,1.177,0.061,0.850,4149,80
892738,7.915,0.249,1.266,0.052,0.714,4534,135
9415248,7.931,0.283,1.137,0.046,0.650,4200,80
4252080,7.943,0.297,1.200,0.033,0.723,4106,80
6308068,7.947,0.402,1.162,0.047,0.631,4249,80
6549467,7.970,0.438,1.191,0.050,0.710,4315,80
2284278,7.978,0.287,1.187,0.049,0.683,4248,148
9351815,7.999,0.461,1.300,0.078,0.604,4285,149
1719297,8.025,0.394,1.244,0.044,0.534,4318,100
4908025,8.041,0.295,1.245,0.027,0.716,4110,100
5801629,8.049,0.240,1.179,0.047,0.690,4358,152
11045542,8.096,0.283,1.302,0.042,0.592,4450,100
4060807,8.104,0.341,1.249,0.047,0.751,4307,80
5553963,8.143,0.320,1.157,0.042,0.654,4254,80
4069447,8.159,0.240,1.231,0.046,0.841,4326,100
3935651,8.234,0.390,1.271,0.038,0.683,4364,80
6448431,8.276,0.367,1.278,0.064,0.748,4232,148
11854835,8.285,0.227,1.269,0.052,0.802,4330,80
5623794,8.296,0.236,1.267,0.054,0.895,4258,149
12600259,8.301,0.317,1.355,0.044,0.614,4288,150
11244839,8.364,0.336,1.256,0.050,0.757,4201,147
6522182,8.387,0.326,1.331,0.045,0.722,4260,80
5894987,8.403,0.315,1.286,0.039,0.766,4307,150
8210688,8.427,0.381,1.236,0.039,0.668,4475,156
5112786,8.435,0.283,1.156,0.053,0.714,4249,100
5904332,8.447,0.423,1.230,0.045,0.674,4248,148
7176070,8.474,0.238,1.278,0.039,0.745,4122,80
8211008,8.513,0.381,1.280,0.046,0.709,4220,122
9517003,8.545,0.336,1.358,0.032,0.691,4654,100
5475271,8.546,0.343,1.246,0.060,1.005,4347,80
11196191,8.561,0.266,1.309,0.031,0.714,4335,151
11415061,8.576,0.364,1.232,0.055,0.671,4368,80
6863531,8.585,0.299,1.396,0.029,0.680,4447,155
10362349,8.616,0.290,1.365,0.063,0.759,4301,150
9268087,8.647,0.273,1.387,0.040,0.715,4616,161
5219663,8.658,0.286,1.306,0.042,0.662,4415,154
3645232,8.663,0.259,1.444,0.051,0.610,4466,100
9775446,8.672,0.386,1.411,0.079,0.610,4243,148
2847114,8.679,0.372,1.299,0.024,0.911,4342,80
4166483,8.697,0.887,1.487,0.042,0.525,4654,80
1725552,8.718,0.365,1.214,0.033,0.698,4234,100
9906804,8.733,0.375,1.328,0.047,0.888,4388,128
6125893,8.734,0.487,1.152,0.021,0.806,4285,100
5446355,8.757,0.316,1.279,0.044,0.650,4336,80
3742519,8.768,0.330,1.298,0.067,0.848,4394,153
8234203,8.789,0.293,1.331,0.041,0.746,4216,147
2437340,8.847,0.319,1.348,0.034,0.761,4119,80
2846944,8.852,0.273,1.418,0.027,0.643,4280,80
5471005,8.854,0.480,1.422,0.066,0.677,4297,150
3964632,8.875,0.261,1.324,0.043,0.679,3950,80
12022099,8.893,0.280,1.330,0.066,0.783,4132,80
5603681,8.900,0.296,1.341,0.049,0.509,4810,145
11134608,8.915,0.301,1.317,0.046,0.756,4302,100
3746974,8.923,0.352,1.272,0.032,0.692,4099,143
10197619,8.928,0.228,1.378,0.060,0.728,4247,80
2436849,8.939,0.627,1.424,0.068,0.644,4373,153
12306763,8.954,0.280,1.340,0.028,0.736,4449,129
8168324,8.961,0.286,1.371,0.035,0.722,4484,156
5603057,8.988,0.546,1.377,0.063,0.664,4503,132
6287184,9.001,0.336,1.304,0.039,0.630,4218,100
11305937,9.011,0.387,1.317,0.077,0.920,4276,80
7200934,9.025,0.279,1.407,0.031,0.744,4271,149
4141483,9.056,0.322,1.373,0.068,0.634,4511,80
9470055,9.080,0.341,1.268,0.041,0.640,4291,100
7048122,9.089,0.553,1.313,0.064,0.550,4030,80
8934264,9.143,0.276,1.417,0.052,0.772,4526,100
10361608,9.155,0.274,1.382,0.046,0.834,4253,148
7667900,9.159,0.276,1.443,0.034,0.738,4474,100
9589271,9.167,0.253,1.359,0.033,0.757,4193,125
6952140,9.167,0.266,1.349,0.023,0.724,4292,80
7022534,9.173,0.474,1.561,0.064,0.684,5296,185
7354299,9.178,0.306,1.461,0.058,0.553,4274,80
7974439,9.190,0.351,1.368,0.043,0.677,4382,80
6229677,9.222,0.347,1.234,0.035,0.836,4375,80
6525919,9.224,0.324,1.401,0.076,0.828,4479,80
5303930,9.227,0.723,1.458,0.090,0.662,4318,151
6591762,9.241,0.872,1.447,0.089,0.726,4379,80
8546721,9.241,1.076,1.475,0.153,0.607,4343,80
8617950,9.291,1.043,1.420,0.062,1.084,4478,128
5252229,9.314,0.278,1.417,0.031,0.865,4335,151
11192141,9.340,0.203,1.409,0.038,0.647,4204,84
5858641,9.368,0.299,1.386,0.029,0.782,4344,100
1865744,9.383,0.336,1.382,0.036,0.806,4187,146
10447681,9.411,0.250,1.436,0.045,0.789,4478,156
8495082,9.434,0.371,1.402,0.037,0.840,4376,80
3662283,9.439,0.262,1.208,0.071,0.676,4517,80
9031507,9.474,0.269,1.284,0.039,0.649,4454,155
10398120,9.517,0.381,1.534,0.097,0.981,4697,80
10256655,9.533,0.293,1.502,0.043,0.754,4350,80
4359587,9.548,0.246,1.392,0.037,0.822,4388,131
11235573,9.559,0.228,1.472,0.053,0.845,4282,80
11199150,9.559,0.271,1.485,0.066,0.814,4301,80
10425035,9.562,0.293,1.436,0.045,0.738,4152,145
5095886,9.585,0.307,1.408,0.045,0.715,4373,80
2436884,9.621,0.416,1.403,0.053,0.739,4128,80
1160986,9.629,0.848,1.530,0.067,0.635,4347,80
3654897,9.639,0.302,1.367,0.056,0.782,4427,80
11042388,9.647,0.259,1.466,0.039,0.806,4497,100
5641247,9.662,0.246,1.415,0.031,0.854,4297,150
7729396,9.678,0.336,1.406,0.036,0.773,4600,132
10863535,9.686,0.371,1.338,0.045,0.761,4450,100
9026209,9.733,0.378,1.349,0.067,0.662,4279,100
11612320,9.749,0.276,1.479,0.059,0.864,4485,100
9761625,9.757,0.331,1.407,0.051,0.717,4619,100
7377466,9.766,0.357,1.425,0.029,0.678,4258,149
9202577,9.808,0.234,1.477,0.070,0.964,4865,145
4135680,9.836,0.349,1.368,0.051,0.697,4458,128
10271721,9.867,0.269,1.391,0.034,0.695,4383,100
5078240,9.883,0.455,1.458,0.049,0.664,4369,100
2986860,9.883,0.268,1.468,0.059,0.809,4346,152
2017541,9.915,0.292,1.421,0.035,0.871,4242,80
7661370,9.917,0.238,1.466,0.040,0.922,4476,129
10055660,9.938,0.350,1.358,0.049,0.690,4279,80
8689860,9.938,0.289,1.363,0.037,0.717,4273,80
8176905,9.954,0.336,1.504,0.057,0.699,4399,80
4827950,10.084,0.251,1.498,0.057,0.880,4297,80
9407261,10.099,0.299,1.553,0.041,0.756,4705,141
11284798,10.190,0.248,1.466,0.026,0.810,4349,100
10677958,10.191,0.486,1.400,0.032,0.889,4174,123
9350124,10.201,0.618,1.427,0.122,0.707,4070,81
7273965,10.201,0.682,1.453,0.172,0.598,4453,100
6197019,10.206,0.482,1.542,0.060,0.668,4426,80
4587051,10.238,0.295,1.467,0.030,0.798,4335,151
11446280,10.253,0.293,1.601,0.024,0.743,4275,80
2707560,10.270,0.482,1.528,0.056,0.668,4347,152
8649496,10.287,0.305,1.458,0.037,0.650,4247,148
11807844,10.300,0.417,1.552,0.067,0.772,4673,137
5528530,10.302,0.649,1.467,0.052,0.701,4405,128
11803855,10.309,0.342,1.604,0.050,0.704,4366,80
7336419,10.332,0.282,1.518,0.065,0.824,4415,154
4920044,10.355,0.242,1.555,0.018,0.820,4354,80
11653236,10.387,0.327,1.533,0.034,0.832,4395,80
10653141,10.395,0.368,1.466,0.071,0.666,4400,80
11018481,10.442,0.317,1.508,0.040,0.786,4485,100
6363351,10.467,0.260,1.600,0.079,0.813,4353,100
7779434,10.491,0.319,1.499,0.040,0.772,4319,151
5723238,10.499,0.359,1.518,0.031,0.700,4340,151
8293686,10.528,0.404,1.451,0.034,0.754,4258,80
11339247,10.544,0.257,1.490,0.038,0.864,4331,80
7840424,10.556,0.380,1.532,0.032,0.765,4262,149
3543433,10.568,0.346,1.463,0.032,0.741,4434,80
10514458,10.568,0.397,1.540,0.040,0.831,4284,80
3958615,10.612,0.241,1.633,0.033,0.802,4319,80
2438094,10.671,0.339,1.589,0.033,0.806,4344,125
10059338,10.691,0.459,1.470,0.124,0.674,4509,80
7764335,10.709,0.364,1.595,0.082,0.763,4509,80
8643811,10.725,0.536,1.642,0.097,0.776,4353,80
9717547,10.742,0.386,1.608,0.078,0.906,4695,143
10933384,10.757,0.346,1.437,0.013,1.189,4463,100
9119893,10.772,0.434,1.545,0.050,0.663,4340,151
9414068,10.804,0.353,1.631,0.034,0.755,4615,100
9204851,10.808,0.559,1.609,0.088,0.774,4294,80
5780782,10.859,0.343,1.617,0.101,0.674,4371,80
5436814,10.859,0.303,1.616,0.020,0.868,4447,80
2995197,10.883,0.418,1.557,0.032,0.785,4431,100
2696628,10.883,0.304,1.558,0.022,0.737,4494,100
10656124,10.890,0.322,1.561,0.022,0.870,4478,100
3539897,10.906,0.275,1.618,0.023,0.840,4296,80
4269096,10.960,0.730,1.632,0.117,0.757,4327,80
6547004,10.977,0.415,1.582,0.036,0.768,4518,158
11151844,11.044,0.372,1.647,0.049,0.845,4280,149
9002577,11.047,0.286,1.651,0.074,0.924,4531,80
9519609,11.061,0.673,1.542,0.177,0.835,4262,80
8476245,11.071,0.590,1.759,0.055,0.675,4949,100
9606251,11.088,0.363,1.683,0.026,0.829,5192,181
3961485,11.115,0.296,1.617,0.029,0.828,4325,129
2719466,11.143,0.345,1.601,0.040,0.794,4774,149
11302930,11.186,0.379,1.731,0.025,0.877,5417,152
6042461,11.250,0.416,1.640,0.055,0.794,4454,100
4075610,11.282,0.325,1.624,0.036,0.835,4239,80
5174642,11.284,0.391,1.637,0.062,0.712,4473,80
8005874,11.308,0.376,1.614,0.024,0.833,4440,126
8761422,11.313,0.658,1.660,0.136,1.066,4766,142
8840004,11.457,0.372,1.572,0.022,0.735,4237,80
9110060,11.465,0.390,1.535,0.056,0.702,4462,80
2984295,11.473,0.341,1.691,0.025,0.767,4482,156
10979181,11.481,0.469,1.608,0.064,0.757,4612,100
3868527,11.519,0.366,1.759,0.048,0.773,4367,80
4064179,11.544,0.462,1.555,0.048,0.804,4540,80
7946809,11.556,0.315,1.770,0.034,0.901,4488,100
9907147,11.566,0.930,1.654,0.089,0.954,4419,130
5639562,11.590,0.551,1.646,0.099,0.696,4307,150
9791248,11.599,0.421,1.647,0.071,0.700,4370,152
11909754,11.599,0.421,1.745,0.043,0.850,4702,138
6718509,11.607,0.345,1.606,0.030,0.795,4274,80
10815204,11.654,0.320,1.858,0.040,0.731,4759,150
9335536,11.676,0.473,1.917,0.069,0.877,4789,80
11356839,11.677,0.334,1.645,0.024,0.749,4406,80
8454772,11.711,0.966,1.659,0.104,0.772,4212,80
1162220,11.764,0.370,1.671,0.043,0.826,4218,80
4148261,11.796,0.460,1.700,0.057,0.932,4735,148
5950668,11.796,0.367,1.686,0.028,0.812,4301,80
10878084,11.843,0.497,1.765,0.037,0.930,4492,80
8915481,11.858,0.521,1.625,0.092,1.118,4399,80
11656337,11.859,0.418,1.707,0.028,0.863,4723,136
5523848,11.876,0.480,1.686,0.052,0.769,5033,159
6853779,12.071,0.450,1.692,0.064,0.758,4464,100
11080345,12.119,0.426,1.769,0.037,0.811,4323,151
5683397,12.185,0.290,1.723,0.039,0.792,4329,126
11447282,12.194,0.361,1.817,0.032,0.839,5115,147
5389557,12.201,0.710,1.865,0.152,0.760,4371,80
7265649,12.250,0.444,1.641,0.135,0.806,4717,80
8411296,12.259,0.777,1.959,0.114,0.616,5118,179
9903947,12.274,0.648,1.820,0.038,0.804,4524,133
10991892,12.339,0.398,1.730,0.047,0.761,4489,157
5522224,12.375,0.743,1.893,0.228,0.958,4740,138
7446560,12.417,0.352,1.845,0.020,0.888,4355,80
8621600,12.577,0.786,1.766,0.155,0.829,4000,80
6286142,12.638,0.305,1.797,0.029,0.775,4276,100
2860746,12.722,0.302,1.826,0.039,0.948,4346,80
1865595,12.756,0.341,1.805,0.023,0.797,4386,80
4552187,12.803,0.467,1.793,0.041,0.780,4359,152
7915232,12.812,0.376,1.826,0.030,0.760,4462,156
3544987,12.814,0.426,1.849,0.032,0.848,4367,80
8350894,12.819,0.319,2.005,0.034,0.792,4854,80
11181428,12.819,0.272,1.860,0.029,0.883,4383,80
11812012,12.879,0.322,1.904,0.026,0.885,4460,80
7447871,12.955,0.272,1.947,0.051,0.915,4663,139
7673779,12.968,0.417,1.978,0.032,0.912,4475,80
9329519,12.982,0.546,1.903,0.127,0.943,4391,80
10258971,13.032,1.225,1.945,0.172,0.780,4797,139
2164874,13.063,0.792,1.750,0.084,0.836,4447,80
5007366,13.115,0.454,1.905,0.098,0.882,4871,151
12602404,13.120,0.354,1.955,0.029,0.873,4457,80
7732065,13.157,0.482,1.816,0.023,0.842,4408,80
10933775,13.175,0.430,1.927,0.032,0.863,4365,80
11190431,13.194,0.431,1.855,0.029,0.881,4351,80
5459563,13.210,1.016,1.905,0.106,0.828,4334,80
10082936,13.249,0.264,1.931,0.062,0.931,4799,146
4242705,13.252,0.390,1.913,0.024,0.847,4552,100
6267115,13.305,0.372,2.023,0.022,0.870,4518,131
3839310,13.315,0.357,1.922,0.019,0.867,4502,100
3525303,13.336,1.073,1.964,0.158,0.945,4776,142
12402596,13.441,0.417,2.021,0.068,0.893,4960,152
8475511,13.441,0.373,1.965,0.021,0.926,4548,100
7026206,13.443,0.504,1.820,0.040,0.821,4619,100
11802617,13.490,0.299,1.970,0.028,0.800,4472,80
3130277,13.496,0.351,2.017,0.024,0.888,4490,127
11288779,13.554,0.396,2.052,0.019,0.834,4428,80
7188156,13.554,0.408,2.109,0.043,0.859,4552,100
9151763,13.567,0.342,1.982,0.019,0.820,4295,80
9520864,13.573,0.373,1.931,0.024,0.807,4596,160
12418504,13.614,0.513,1.850,0.072,0.897,4582,80
5905655,13.653,0.401,1.921,0.017,0.802,4398,80
12688798,13.717,0.506,1.959,0.073,0.879,4245,80
8176543,13.803,0.481,1.923,0.025,0.849,4376,80
10649735,13.854,0.381,2.099,0.051,0.880,4561,159
12316100,13.929,0.433,1.872,0.025,0.853,4436,80
3765372,13.968,0.443,1.979,0.025,0.873,4511,157
8159241,13.971,0.361,2.061,0.035,0.963,4503,80
10927848,13.990,0.278,2.050,0.026,0.894,4840,147
3972170,13.993,0.780,1.901,0.111,0.789,4560,137
9712075,14.009,0.724,1.886,0.141,0.948,4756,143
10383488,14.094,0.449,2.025,0.032,0.880,4450,80
10864433,14.094,0.384,2.117,0.045,0.854,4726,80
7102491,14.128,0.683,2.241,0.111,0.539,4659,80
6784681,14.195,0.943,1.962,0.180,0.943,4494,129
11197159,14.202,0.508,1.982,0.041,0.822,4782,144
5535029,14.267,0.367,2.067,0.024,0.876,4470,80
2711477,14.267,0.517,2.124,0.087,0.852,4667,80
11617751,14.393,0.518,1.912,0.042,0.722,4560,80
10785390,14.417,0.249,2.180,0.052,1.078,4578,160
12120144,14.471,0.435,2.151,0.030,0.806,4654,80
7936033,14.487,0.362,2.061,0.021,0.854,4307,80
7283269,14.498,0.725,2.123,0.084,0.694,4459,129
8037100,14.545,0.440,2.059,0.047,0.884,4589,80
12104965,14.554,0.203,2.148,0.036,0.974,4479,80
6849932,14.574,0.341,2.132,0.021,0.919,4403,80
7350968,14.599,1.004,2.058,0.156,0.748,4426,100
6140161,14.684,0.341,2.131,0.017,0.860,4648,132
5541499,14.755,0.400,2.094,0.032,0.897,4395,100
7668536,14.829,0.566,2.412,0.063,0.718,4656,100
3936823,14.875,0.507,2.214,0.088,0.913,4475,80
8940851,14.952,0.331,2.109,0.027,0.840,4417,80
7347340,14.953,0.501,2.178,0.058,0.933,4858,146
5785710,15.038,0.333,2.194,0.021,0.859,4437,80
4908844,15.124,0.455,2.076,0.025,0.773,4372,153
4738255,15.141,0.353,2.221,0.031,0.949,4571,80
8672568,15.173,0.451,2.179,0.031,0.924,4541,158
5287291,15.201,0.399,2.267,0.045,0.924,4858,100
6028972,15.239,0.370,2.158,0.025,0.898,4713,137
6694015,15.322,0.398,2.200,0.084,0.889,4522,134
12352536,15.322,0.436,2.241,0.022,0.909,4666,134
8814765,15.352,0.382,2.159,0.029,0.827,4402,154
10068892,15.369,0.424,2.090,0.034,0.803,4530,80
2847541,15.475,0.458,2.164,0.028,0.767,4336,151
11409827,15.960,0.594,2.265,0.120,0.663,4409,80
8330245,17.182,0.883,2.346,0.102,0.893,4113,143
8257873,9.300,0.338,1.394,0.032,0.626,4403,133
7943692,9.507,0.433,1.461,0.051,0.768,4283,100
5444972,9.529,0.442,1.457,0.059,0.557,4138,80
10990267,9.623,0.524,1.404,0.052,0.977,4394,153
3119825,9.717,0.314,1.394,0.062,0.789,4418,154
4738610,9.836,0.422,1.388,0.058,0.765,4386,80
5370997,9.879,0.603,1.335,0.062,0.899,4270,80
5963339,9.891,0.398,1.336,0.043,0.748,4508,129
8263823,9.897,0.330,1.436,0.032,0.748,4235,142
9301126,9.945,0.446,1.438,0.054,0.758,4320,151
3945904,9.992,0.289,1.482,0.033,0.706,4445,131
9181759,10.025,0.317,1.489,0.062,0.678,4283,149
11760969,10.048,0.346,1.451,0.072,0.757,4367,80
8609704,10.206,0.368,1.416,0.060,0.731,4598,80
10231806,10.296,0.340,1.461,0.028,0.888,4417,80
10482598,10.309,0.495,1.484,0.046,0.829,4814,149
5906289,10.324,0.306,1.384,0.042,0.720,4392,80
3853555,10.409,0.311,1.392,0.061,0.561,4350,80
5780424,10.418,0.414,1.401,0.050,0.724,4402,80
4255499,10.441,0.398,1.523,0.060,0.881,4407,131
10418503,10.457,0.447,1.500,0.071,0.735,4488,100
5034789,10.469,0.825,1.482,0.067,0.873,4419,80
3761660,10.481,0.494,1.439,0.063,1.013,4305,80
8325668,10.499,0.361,1.531,0.081,0.628,4283,149
8417184,10.607,0.335,1.530,0.028,0.755,4301,80
9896877,10.733,0.523,1.521,0.051,0.662,4442,80
10290718,10.764,0.474,1.625,0.064,0.685,4479,80
8192454,10.827,0.433,1.458,0.047,0.791,4507,157
9012061,10.901,0.438,1.673,0.070,0.884,4771,141
6542478,10.920,0.446,1.686,0.073,0.607,5086,178
9217456,10.922,0.302,1.538,0.034,0.776,4397,80
5566078,10.961,0.330,1.427,0.029,0.649,4307,80
2711432,10.969,0.591,1.558,0.048,0.717,4373,80
5792887,10.982,0.281,1.620,0.041,0.816,4409,100
3758597,11.077,0.316,1.602,0.029,0.760,4366,152
6187604,11.125,0.334,1.544,0.050,0.741,4162,130
6208846,11.150,0.352,1.506,0.041,0.821,4473,100
7686026,11.247,0.367,1.648,0.055,0.797,5020,175
7264847,11.300,0.500,1.507,0.042,0.774,4405,125
2695975,11.347,0.375,1.537,0.024,0.723,4379,100
7813414,11.488,0.451,1.601,0.049,0.816,4530,100
4775208,11.492,0.539,1.524,0.066,0.709,4482,80
6939484,11.493,0.352,1.746,0.051,0.744,4476,100
11413063,11.527,0.357,1.535,0.065,0.941,5103,178
6020718,11.783,0.379,1.823,0.028,0.823,4447,127
10068801,11.811,0.352,1.629,0.021,0.710,4540,100
8285712,11.866,0.460,1.467,0.044,0.825,4439,80
6370549,11.906,0.498,1.647,0.060,0.834,4424,80
11753949,11.916,0.523,1.633,0.065,0.737,4379,80
8145759,11.969,0.464,1.735,0.030,0.801,4459,156
10857639,11.980,0.521,1.824,0.046,0.879,4822,144
8588400,12.168,0.433,1.701,0.048,0.770,4526,158
2573548,12.199,0.340,1.708,0.060,0.742,4363,152
5462797,12.205,0.452,1.593,0.060,0.721,4604,80
5768953,12.210,0.464,1.658,0.071,0.801,4702,100
3443331,12.323,0.603,1.607,0.065,0.697,4494,132
11494511,12.425,0.318,1.786,0.016,0.783,4165,100
2861062,12.461,0.323,1.848,0.034,0.712,5193,155
3842486,12.512,0.789,1.744,0.106,0.517,4481,133
9458605,12.577,0.729,1.883,0.089,0.513,4400,154
12102923,12.591,0.475,1.544,0.030,0.712,4631,132
11097771,12.618,0.491,1.764,0.077,0.837,4819,147
11206069,12.622,0.556,1.653,0.058,0.785,4721,143
3852384,12.671,0.606,1.685,0.060,0.686,4645,80
4545666,12.729,1.257,1.845,0.111,0.885,4485,127
6519677,12.740,0.419,1.764,0.047,0.793,4550,100
7802551,12.827,0.472,1.770,0.023,0.784,4470,80
5218111,12.828,0.507,1.889,0.038,0.866,4727,165
11462100,12.834,0.407,1.796,0.039,0.872,4294,80
9239675,12.877,0.414,1.713,0.026,0.649,4377,153
4055156,12.913,0.509,1.713,0.045,0.804,4418,154
8325630,12.917,0.701,1.875,0.122,0.871,4322,80
6613846,12.937,0.416,1.743,0.031,0.802,4326,80
8104341,12.982,0.859,1.853,0.073,0.578,4526,132
7362870,12.987,0.412,1.744,0.049,0.739,4892,156
5962031,12.992,0.383,1.838,0.026,0.928,4421,100
12257460,13.009,0.428,1.733,0.029,0.775,4376,80
8559142,13.032,1.274,1.779,0.095,0.769,4624,133
11616626,13.036,0.398,1.823,0.042,0.774,4783,142
6716476,13.041,0.353,1.870,0.035,0.763,5185,181
2283093,13.057,0.605,1.499,0.075,0.663,4552,80
8952952,13.091,0.410,1.724,0.041,0.809,4625,80
7213942,13.104,0.815,1.703,0.132,0.676,4269,80
9775232,13.149,0.383,1.853,0.027,0.766,4402,132
7778467,13.170,0.419,1.782,0.042,0.716,4453,155
11295008,13.203,0.341,1.880,0.021,0.769,4494,80
10878121,13.243,0.427,1.864,0.025,0.800,4617,161
4567221,13.267,0.397,1.822,0.034,0.796,4466,126
8742874,13.283,0.375,1.845,0.031,0.647,4915,80
11601202,13.285,0.754,1.818,0.170,0.858,4478,80
9508346,13.393,0.569,1.802,0.050,0.763,4413,80
9589060,13.439,0.362,1.789,0.059,0.932,4909,153
9009403,13.441,0.510,1.811,0.076,0.773,4564,80
5271808,13.499,0.427,1.831,0.146,0.652,4820,147
6032371,13.520,0.591,2.051,0.055,1.028,4716,140
12258572,13.619,0.518,1.843,0.060,0.869,4360,80
4832196,13.700,0.330,1.921,0.018,0.702,4338,80
8806231,13.777,0.359,1.831,0.038,0.768,4317,80
4995218,13.795,0.522,1.850,0.064,0.792,4532,80
5180026,13.827,0.353,1.906,0.031,0.765,4448,80
10550552,13.862,0.395,1.877,0.060,0.716,4772,146
4049466,13.892,0.870,1.930,0.156,0.937,4419,132
7668782,13.905,0.362,2.035,0.026,0.836,4543,100
2300503,13.921,0.443,1.961,0.026,0.754,4413,80
4919239,13.936,0.390,1.867,0.028,0.819,4530,80
6888756,13.952,0.383,1.927,0.024,0.741,4231,80
7341343,13.976,0.423,1.904,0.032,0.774,4525,131
4147543,13.990,0.342,2.037,0.051,0.860,4812,148
9959763,14.100,0.394,1.986,0.052,0.753,4862,151
4037216,14.112,0.457,2.055,0.044,0.839,4368,80
8127762,14.115,0.438,1.963,0.020,0.763,4231,148
10065049,14.173,0.510,1.878,0.060,0.813,4562,128
7459906,14.195,1.090,1.935,0.152,0.765,4472,128
7672405,14.212,0.460,1.902,0.027,0.807,4796,100
5376348,14.259,0.334,2.022,0.020,0.775,4259,100
5097114,14.271,0.377,1.854,0.025,0.763,4549,80
9691826,14.275,0.451,1.938,0.017,0.831,4436,80
11138542,14.299,0.444,1.971,0.047,0.685,4670,80
6284198,14.375,0.428,1.997,0.107,0.974,4447,132
2708270,14.375,0.394,1.988,0.027,0.708,4449,155
10187858,14.378,0.379,2.143,0.044,0.914,4876,145
7213716,14.456,0.327,1.936,0.016,0.787,4501,80
4072847,14.464,0.530,1.949,0.063,0.766,4587,80
9290481,14.495,0.403,2.135,0.056,0.846,4836,145
7732300,14.549,0.679,1.919,0.150,0.952,4699,133
12314927,14.606,0.459,2.005,0.030,0.818,4693,100
1163114,14.628,0.399,1.895,0.024,0.768,4311,80
4481622,14.691,0.378,1.977,0.033,0.836,4610,100
12116993,14.708,0.438,2.081,0.026,0.838,4557,80
2568654,14.724,0.463,2.073,0.035,0.832,4329,80
4157282,14.724,0.416,1.894,0.028,0.846,4578,100
11298877,14.795,0.412,2.061,0.027,0.771,4517,80
7587689,15.149,0.355,1.983,0.015,0.813,4424,154
6763448,15.172,3.997,2.116,0.068,0.870,4565,129
4948402,15.206,1.193,1.977,0.105,0.885,4682,134
1026309,15.212,0.948,1.921,0.034,0.860,4514,80
8285025,15.212,0.461,2.070,0.026,0.779,4594,100
10160285,15.451,0.422,2.112,0.039,0.913,4489,80
10055061,15.597,0.433,2.130,0.022,0.753,4257,80
3953057,15.763,0.408,2.175,0.026,0.847,4309,80
8019421,17.948,0.852,2.412,0.072,1.002,4696,137
8330620,18.098,1.098,2.391,0.099,0.892,4194,146
